REF OMINIUM,PORTO ORIGEM,PORTO DESTINO,AGENTE,CLIENTE,COMERCIAL,ETD,ETA,AVISO PREVISÃO,COBRANÇA SINAL,SINAL PAGO P/ QUAL DESPACHANTE,FECHAMENTO PAGO,AVISO CHEGADA,IMP,PACKLIST ,BL,CTNR,KG,NAVIO,STATUS,DESPACHANTE,FOB,REGISTRO,DATA REGISTRO,DESEMB,ENTREGA,FREE TIME,EXPORTADOR,REF AG.
,YATIAN,SANTOS,V3,,,2026-04-15,2026-05-15 00:00:00,,,,,,,HL260592,NBZY26040685,,,CMA CGM MISSISSIPPI 1AADJW1MA,AG. PREPARAÇÃO DE CARGA,,,,,,,25 DIAS,,
,YATIAN,SANTOS,V3,PIN,,2026-04-15,2026-05-15 00:00:00,,,,,,,HL260580,NBZY26040538,,,,AG. PREPARAÇÃO DE CARGA,,,,,,,25 DIAS,"YIWU SHENGYAN IMP&EXP C0.,LTD",IMV3SSZ0058-0426
,NINGBO,SANTOS,V3,,,2026-04-12,2026-05-15 00:00:00,,,,,,,HL260558,NBZY26040533,,,,AG. PREPARAÇÃO DE CARGA,,,,,,,25 DIAS,"YIWU SHENGYAN IMP&EXP C0.,LTD",IMV3SSZ0057-0426
,YATIAN,SANTOS,V3,,,2026-04-15,2026-05-15 00:00:00,,,,,,,HL260553,NBZY26040415,,,,AG. PREPARAÇÃO DE CARGA,,,,,,,25 DIAS,"YIWU SHENGYAN IMP&EXP C0.,LTD",IMV3SSZ0033-0426
,SHEKOU,SANTOS,V3,,,2026-04-06,2026-05-07 00:00:00,,,,,,,SHZ8008837,NBZY26040436,,,,AG. PREPARAÇÃO DE CARGA,,,,,,,25 DIAS,,IMV3SSZ0031-0426
OM0426-06,NINGBO,SANTOS,V3,SR LIN 10,WT,2026-04-05,2026-04-22 00:00:00,,,,,,NOVA AVANT ,HL260392,NBZY26030326,TGBU7875972,22260.0,CMA CGM MISSISSIPPI V.1AADJW,SANTOS DOC,MARCIO,,,,,,25 DIAS,"YIWU SHENGYAN IMP&EXP C0.,LTD",IMV3SSZ0081-0326
OM0426-02,NINGBO,SANTOS,V3,HD 08,WT,2026-04-10,2026-05-09 00:00:00,,,,,,NOVA AVANT ,HL260520,NBZY26040176,FFAU2319392,25340.0,EVER FEAT V.031W,SANTOS DOC,MARCIO,,,,,,28 DIAS,"YIWU SHENGYAN IMP&EXP C0.,LTD",IMV3SSZ0205-0326
OM0426-03,NINGBO,SANTOS,V3,LCL 15,AR,2026-04-10,2026-05-09 00:00:00,,,,,,NOVA AVANT ,HL260519,NBZY26040174,CSGU6851668,25230.0,EVER FEAT V.031W,SANTOS DOC,MARCIO,,,,,,28 DIAS,"YIWU SHENGYAN IMP&EXP C0.,LTD",IMV3SSZ0204-0326
OM0326-18,NINGBO,SANTOS,V3,ONZE 10,WT,2026-04-10,2026-05-09 00:00:00,,,,,,NOVA AVANT ,ULT-2026-4-3,NBZY26040144,TIIU5823900,13705.0,EVER FEAT/031W,SANTOS DOC,MARCIO,,,,,,25 DIAS,"MAIDE IMPORT AND EXPORT TRADING CO.,LIMITED ",IMV3SSZ0188-0326
OM0326-17,NINGBO,SANTOS,V3,ONZE 09,WT,2026-04-10,2026-05-09 00:00:00,,,,,,NOVA AVANT ,ULT-2026-4-2,NBZY26040143,EITU9832113,17549.0,KOTA EBONY 0005W,SANTOS DOC,MARCIO,,,,,,25 DIAS,"MAIDE IMPORT AND EXPORT TRADING CO.,LIMITED",IMV3SSZ0170-0326
OM0426-01,NINGBO,SANTOS,V3,MEI 02,WT,2026-04-10,2026-05-09 00:00:00,,,,,,NOVA AVANT ,HL260506,NBZY26040142,CSNU6950715,14280.0,EVER FEAT V.031W,SANTOS DOC,MARCIO,,,,,,28 DIAS,"YIWU SHENGYAN IMP&EXP C0.,LTD",IMV3SSZ0163-0326
OM0326-11,SHEKOU,SANTOS,V3,PIN 98 SEVEN SBL-2026-0227,AR,2026-04-07,2026-05-07 00:00:00,,,,,,MAXIMO FILIAL,HL260442,NBZY26030679,EISU8585376,19140.0,CMA CGM COBALT V.0BDNSW1MA,SANTOS DOC,MARCIO,,,,,,25 DIAS,"YIWU SHENGYAN IMP&EXP C0.,LTD",IMV3SSZ0148-0326
OM0326-09,SHEKOU,SANTOS,V3,PIN 97 SEVEN 2026- 0309,AR,2026-04-07,2026-04-28 00:00:00,,,,,,NOVA AVANT ,HL260440,NBZY26030678,EITU9833017,14490.0,CMA CGM COBALT V.0BDNSW1MA,SANTOS DOC,MARCIO,,,,,,25 DIAS,"YIWU SHENGYAN IMP&EXP C0.,LTD",IMV3SSZ0147-0326
OM0326-13,NINGBO,SANTOS,V3,ONZE 08,WT,2026-04-04,5026-05-07 00:00:00,,,,,,MAXIMO FILIAL,ULT-2026-3-1,NBZY26030657,SKIU9107548,8555.0,KOTA EBONY 0005W,SANTOS DOC,MARCIO,,,,,,25 DIAS,"MAIDE IMPORT AND EXPORT TRADING CO.,LIMITED",IMV3SSZ0134-0326
OM0326-12,NINGBO,SANTOS,V3,LIVIA 01,FS,2026-04-04,2026-05-07 00:00:00,,,,,,MAXIMO FILIAL,HL260455,NBZY26030658,OOCU8217462,19370.0,KOTA EBONY V.0005W,SANTOS DOC,MARCIO,,,,,,28 DIAS,"YIWU JIEXIN IMPORTAÇÃO E EXPORTAÇÃO CO., LIMITADA",IMV3SSZ0122-0326
OM0426-07,NINGBO,RIO ,HM WAY,RED HOUSE 08,FS,2026-04-04,2026-05-07 00:00:00,,,,,,DISTRIBAG ,2026年03月27日,BNBFL26040019,YMLU8762876,18048.0,CMA CGM THORIUM / V.0BDNUW.,,,,,,,,28 DIAS,"HONG KONG HUIFU TRADING CO., LIMITED",IM01213/26
OM0326-04,YANTIAN,SANTOS,V3,ANNE 07,FS,2026-03-26,2026-04-24 00:00:00,,,,,,MAXIMO FILIAL,H-Santos-NO.12,NBZY26030098,TCKU6235600,25060.0,EVER FORTUNE V.1AAD9W1MA,SANTOS DOC,MARCIO,,,,,,21 DIAS,"YIWU JIEXIN IMPORTAÇÃO E EXPORTAÇÃO CO., LIMITADA", IMV3SSZ0040-0326 
OM0326-07,NINGBO,SANTOS,V3,HELENA 01,FS,2026-03-22,2026-04-24 00:00:00,,,,,,MAXIMO FILIAL,JX20260316RAM,NBZY26030459,MAGU5381795,15927.0,EVER FAIR V.026W,SANTOS DOC,MARCIO,,,,,,25 DIAS,"YIWU JIEXIN IMPORTAÇÃO E EXPORTAÇÃO CO., LIMITADA",IMV3SSZ0092-0326
OM0326-08,NINGBO,SANTOS,V3,TXM 16,WT,2026-03-21,2026-04-23 00:00:00,,,,,,MAXIMO FILIAL,HL260366,NBZY26030244,TGBU9931231,20460.0,CMA CGM KRYPTON V.0BDNQW,SANTOS DOC,MARCIO,,,,,,25 DIAS,"YIWU SHENGYAN IMP&EXP C0.,LTD",IMV3SSZ0051-0326
OM0326-05,NINGBO,SANTOS,V3,PIN 95 SEVEN 2026-0304,AR,2026-03-18,2026-04-23 00:00:00,2026-03-25 00:00:00,,,,,MAXIMO FILIAL,HL260380,NBZY26030276,OOCU9786231,16900.0,CMA CGM KRYPTON V.0BDNQW,SANTOS DOC,MARCIO,,,,,,28 DIAS,"YIWU SHENGYAN IMP&EXP C0.,LTD",IMV3SSZ0060-0326
OM0226-28,NANSHA,SANTOS,YAHO,JAY 11,WT,2026-02-25,2026-04-18 00:00:00,,,,,,MAXIMO,鸿裕盛景杂货2柜2.9.xlsx,YH26010411,MRSU9181971,14000.0,MAERSK HAVANA/606W,SANTOS DOC,MARCIO,,,,,,21 DIAS,"JITENG SUPPLY CHAIN (JINHUA) CO., LTD",YAHO-IM5374-26
OM0326-06,SHEKOU,SANTOS,V3,PIN 96 SEVEN 2026-0305,AR,2026-03-17,2026-04-16 00:00:00,2026-03-25 00:00:00,,,,,MAXIMO FILIAL,HL260381,ZSJY26030035,TEMU-602241-9,16090.0,COSCO SHIPPING BRAZIL V.010W,SANTOS DOC,MARCIO,,,,,,25 DIAS,"YIWU SHENGYAN IMP&EXP C0.,LTD",IMV3SSZ0057-0326
OM0326-02,NINGBO,SANTOS,V3,SR LIN 09,WT,2026-03-13,2026-04-16 00:00:00,,,,,,MAXIMO,HL260351,NBZY26030055,TRHU6993700,20780.0,COSCO SHIPPING BRAZIL V.010W,SANTOS DOC,MARCIO,,,,,,21 DIAS,YIWU SHENGYAN IMP&EXP CO LTD,IMV3SSZ0020-0326
OM0226-29,NANSHA,SANTOS,YAHO,JAY12,WT,2026-12-19,2026-04-11 00:00:00,,,,,2026-04-13,MAXIMO, 广州14杂货柜,YH26010390,MRSU-950595-7,16530.0,MAERSK HANGZHOU/605W,SANTOS DOC,MARCIO,,,,,,21 DIAS,"JITENG SUPPLY CHAIN (JINHUA) CO., LTD",YAHO-IM5326-26
OM0326-03,SHEKOU,SANTOS,V3,ANNE 06,FS,2026-03-09,2024-04-11 00:00:00,,,,,,MAXIMO,H-Santos-NO.07,NBZY26030042,SEKU6440818,20210.0,CMACGM GEORGE SAND V.0W0JW1MA,SANTOS DOC,MARCIO,,,,,,21 DIAS,"YIWU ZHONGXU TECHNOLOGY CO.,LTD",IMV3SSZ0030-0326
OM0326-01,SHENZEN,SANTOS,NCL,PIN 94 SEVEN SBL-2026-0202,AR,2026-03-09,2026-04-09 00:00:00,2026-03-25 00:00:00,,,,,MAXIMO,HL260343,NBZY26030048,EITU1519479,19260.0,CMA CGM BUZIOS V.0BDNMW1MA,AGUARDANDO REGISTRO,MARCIO,,,,,,25 DIAS,YIWU SHENGYAN IMP&EXP CO LTD,IMV3SSZ0019-0326
OM0226-26,NINGBO,SANTOS,NCL,PIN 92 SEVEN2026-0109,AR,2026-02-27,2026-03-29 00:00:00,2026-03-25 00:00:00,2026-03-30 00:00:00,,,2026-03-30,MAXIMO,HL260251,QDNCL2601063,MRKU3624468,13400.0,ZIM BANGKOK/014W,AGUARDANDO REGISTRO,MARCIO,,,,,,25 DIAS,"YIWU SHENGYAN IMP&EXP C0.,LTD",26/0105MI
OM0226-23,NINGBO,SANTOS,NCL,PIN 89 GZ-251219,AR,2026-02-12,2026-03-29 00:00:00,2026-03-25 00:00:00,2026-03-30 00:00:00,,,2026-03-30,MAXIMO,HL260323,QDNCL202601072,HASU4871001,11730.0,ZIM BANGKOK 014W,AGUARDANDO REGISTRO,MARCIO,,,,,,21 DIAS,"YIWU SHENGYAN IMP&EXP C0.,LTD",26/0125MI
OM0226-21,NINGBO,SANTOS,NCL,MEI 01,WT,2026-02-12,2026-03-29 00:00:00,2026-03-27 00:00:00,2026-03-27 00:00:00,OMI SANTANDER,,2026-03-30,MAXIMO,HL260201,QDNCL2601042,MRKU2111814,14950.0,ZIM BANGKOK 014W,AGUARDANDO REGISTRO,MARCIO,,,,,,21 DIAS,"YIWU SHENGYAN IMP&EXP C0.,LTD",26/0086MI
OM0226-20,NINGBO,SANTOS,NCL,SR. LIN 08,WT,2026-02-12,2026-03-29 00:00:00,2026-03-27 00:00:00,2026-03-27 00:00:00,SÍRIUS,,2026-03-30,MAXIMO,HL260163,QDNCL2601034,CAAU6634871,22140.0,ZIM BANGKOK 014W,AGUARDANDO REGISTRO,MARCIO,,,,,,21 DIAS,"YIWU SHENGYAN IMP&EXP C0.,LTD",26/0073MI
OM0226-27,NINGBO,SANTOS,NCL,PIN 93 GZ-251202,AR,2026-02-27,2026-03-29 00:00:00,2026-03-25 00:00:00,2026-03-30 00:00:00,,,2026-03-30,MAXIMO,HL260324,QDNCL202601073,MSKU1488699,22260.0,ZIM BANGKOK/014W,AGUARDANDO REGISTRO,MARCIO,,,,,,21 DIAS,"YIWU SHENGYAN IMP&EXP C0.,LTD",26/0123MI
OM0226-25,NINGBO,SANTOS,NCL,PIN 91 GZ-260101,AR,2026-02-27,2026-03-29 00:00:00,2026-03-25 00:00:00,2026-03-30 00:00:00,,,2026-03-30,MAXIMO,HL260325,QDNCL202601074,PONU8219860,13550.0,ZIM BANGKOK/014W,AGUARDANDO REGISTRO,MARCIO,,,,,,21 DIAS,"YIWU SHENGYAN IMP&EXP C0.,LTD",26/0124MI
OM0226-24,NINGBO,SANTOS,NCL,PIN 90 SEVEN2026-0112,AR,2026-02-26,2026-03-29 00:00:00,2026-03-25 00:00:00,2026-03-30 00:00:00,,,2026-03-30,MAXIMO,HL260252,QDNCL2601064,CAAU7251666,16100.0,ZIM BANGKOK/014W,AGUARDANDO REGISTRO,MARCIO,,,,,,25 DIAS,"YIWU SHENGYAN IMP&EXP C0.,LTD",26/0106MI
OM0226-30,YANTIAN,SANTOS,YAHO,JAY 13,WT,2026-03-03,2026-03-29 00:00:00,2026-03-27 00:00:00,2026-03-27 00:00:00,SÍRIUS,,2026-03-30,MAXIMO,BEAU5024804,YH26020120,BEAU5024804,12990.0,ZIM BANGKOK/14/W,AGUARDANDO REGISTRO,MARCIO,,,,,,21 DIAS,"KEJING TECHNOLOGY CO., LIMITED",YAHO-IM5373-26
OM0226-16,YANTIAN,SANTOS,V3,ANNE 04,FS,2026-02-22,2026-03-27 00:00:00,,2026-03-27 00:00:00,,,,MAXIMO,H-Santos-NO.01,NBZY26020245,TGBU9935670,22520.0,KOTA PAHLAWAN V.043W,AGUARDANDO REGISTRO,MARCIO,,,,,,25 DIAS,"SHENZHEN XILEHUI TECHNOLOGY CO., LTD",IMV3SSZ0157-0126
OM0226-13,SHEKOU,SANTOS,V3,QIANFAN 01,,2026-02-17,2026-03-26 00:00:00,, ,,,,MAXIMO,HL260241,NBZY26011373,EGSU9253069,19430.0,COSCO SHIPPING CHILE V.006W,AGUARDANDO REGISTRO,MARCIO,,,,,,25 DIAS,"YIWU SHENGYAN IMP&EXP C0.,LTD",IMV3SSZ0111-0126
OM0226-14,SHEKOU,SANTOS,V3,ANNE 03,FS,2026-02-17,2026-03-26 00:00:00,,2026-03-27 00:00:00,,,,MAXIMO,H-Santos-NO.02,NBZY26020244,EGSU9583395,19070.0,COSCO SHIPPING CHILE V.006W,AGUARDANDO REGISTRO,MARCIO,,,,,,25 DIAS,"SHENZHEN XILEHUI TECHNOLOGY CO., LTD",IMV3SSZ0029-0226
OM0226-10,SHEKOU,SANTOS,V3,ANNE 05,FS,2026-02-22,2026-03-21 00:00:00,,2026-03-25 00:00:00,,,,R2,H-Santos-NO.05,NBZY26020872,TCNU3365348,16230.0,CMA CGM FRACOISE SAGAN,AGUARDANDO REGISTRO,MARCIO,,,,,,21 DIAS,"YIWU ZHONGXU TECHNOLOGY CO.,LTD ",IMV3SSZ0040-0226
OM0226-09,SHEKOU,SANTOS,V3,ANNE 01,FS,2026-02-14,2026-03-21 00:00:00,,2026-03-25 00:00:00,,,,R2,H-Santos-NO.04,NBZY26020396,FFAU5930846,19780.0,CMA CGM BAHIA V.0BDNEW1MA,AGUARDANDO REGISTRO,MARCIO,,,,,,21 DIAS,"YIWU ZHONGXU TECHNOLOGY CO.,LTD",IMV3SSZ0014-0226
1212,SHEKOU	,SANTOS,HMM,ZHANG 01,FS,2026-03-12,2026-03-15 00:00:00,,,,,,R2,装箱单1.7.xls,HDMUSZPM64486200,KOCU5040569,17310.0,MOL EXPERIENCE V.0099W,AGUARDANDO REGISTRO,MARCIO,,,,,,21 DIAS,"SHENZHEN FENGLIAN GUANGSHUN IMPORT AND EXPORT CO., LTD",
OM0226-07,NINGBO,SANTOS,NCL,TXM 14,WT,2026-02-06,2026-03-15 00:00:00,2026-03-11 00:00:00,2026-03-16 00:00:00,,,2026-03-16, R2,HL260216 ,QDNCL2601057,MRSU9432953,16850.0,CAP SAN MALEAS/606W,AGUARDANDO REGISTRO,MARCIO,,,,,,25 DIAS,"YIWU SHENGYAN IMP&EXP C0.,LTD",26/0103MI
OM0226-06,NINGBO,SANTOS,V3,ONZE 05,WT,2026-02-05,2026-03-13 00:00:00,2026-03-11 00:00:00,2026-03-16 00:00:00,SÍRIUS,,2026-03-16,R2,EmbaULT -2026-1-26,NBZY26010686,EMCXKM2414,7726.0,KOTA PUSAKA V.039W,AGUARDANDO REGISTRO,MARCIO,,,,,,25 DIAS,"MAIDE IMPORT AND EXPORT TRADING CO.,LIMITED ",IMV3SSZ0058-0126 
1200,NINGBO,SANTOS,NCL,PIN 83 GZ-251209,AR,2025-12-31,2026-02-01 00:00:00,,,,,,HDJ ,YWHL252168,QDNCL2505347,TCLU5626000,11540.0,SAN FRANCISCA/552W,AGUARDANDO REGISTRO,FLAVIO,,,,,,25 DIAS,"YIWU SHENGYAN IMP&EXP CO.,LTD",25/0760MI
1198,SHENZHEN,SANTOS,NCL,JIESIPOTE 10,WT,2025-12-29,2026-01-25 00:00:00,,,,,,HDJ ,YWHL252157,QDNCL2505342,MRSU9244220/,14680.0,CAP SAN TAINARO/551W,AGUARDANDO REGISTRO,FLAVIO,,,,,,25 DIAS,"YIWU SHENGYAN IMP&EXP CO.,LTD",25/0738MI
1194,YANTIAN,SANTOS,NCL,JIESIPOTE 09,WT,2025-12-22,2026-01-18 00:00:00,2026-01-14 00:00:00,2026-01-14 00:00:00,,,,HDJ ,YWHL252120,QDNCL2505322,TCNU2960140,16520.0,MAERSK SAN VINCENT/550W,AGUARDANDO REGISTRO,FLAVIO,,,,,,25 DIAS,"YIWU SHENGYAN IMP&EXP CO.,LTD",25/0703MI
1180,NINGBO,SANTOS,V3,PIN 76 GZ-251104,AR,2025-12-02,2026-01-02 00:00:00,,,,,,HDJ ,YWHL251990,NBZY25110841,EGSU9701775,13900.0,EVER FORTUNE V.025W,AGUARDANDO REGISTRO,FLAVIO,-,-,-,-,-,25 DIAS,"YIWU SHENGYAN IMP&EXP CO.,LTD",IMV30254-1125
1174,YANTIAN,SANTOS,NCL,JIESIPOTE 08,WT,2025-11-30,2025-12-28 00:00:00,2025-12-22 00:00:00,,,,2025-12-29,HDJ ,YWHL252003,QDNCL2505278,CAAU8461414,17460.0,SAN ANTONIO MAERSK/547W,AGUARDANDO REGISTRO,FLAVIO,-,-,-,-,-,25 DIAS,"YIWU SHENGYAN IMP&EXP CO.,LTD",25/0630MI
1177,SHEKOU,SANTOS,NCL,JIESIPOTE 07,WT,2025-11-27,2025-12-25 00:00:00,2025-12-22 00:00:00,,,,2025-12-29,HDJ ,YWHL251967,QDNCL2505267,TCNU3300265,17870.0,"COSCO SHIPPING
ARGENTINA/008W",AGUARDANDO REGISTRO,FLAVIO,-,-,-,-,-,25 DIAS,"YIWU SHENGYAN IMP&EXP CO.,LTD",25/0615MI
OM0226-22,NINGBO,SANTOS,NCL,TXM 15,WT,2026-02-12,2026-03-29 00:00:00,2026-03-27 00:00:00,2026-03-27 00:00:00,,,2026-03-30,MAXIMO,HL260215,QDNCL2601056,MRSU5226126,20900.0,CAP SAN MALEAS /606W,AGUARDANDO REGISTRO,MARCIO,,,,,,25 DIAS,"YIWU SHENGYAN IMP&EXP C0.,LTD",26/0102MI
OM0226-17,NINGBO,SANTOS,V3,ONZE 06,WT,2026-02-18,2026-03-27 00:00:00,2026-03-25 00:00:00,2026-03-25 00:00:00,SÍRIUS,,2026-03-27,MAXIMO,ULT2026-1-30,NBZY26020353,GCXU6384858,17725.0,KOTA PAHLAWAN V.043W,DI COM EXIGENCIA FISCAL,MARCIO,,,2026-04-10 00:00:00,,,25 DIAS,"MAIDE IMPORT AND EXPORT TRADING CO.,LIMITED",IMV3SSZ0123-0126
OM0226-19,NINGBO,SANTOS,V3,ONZE 07,WT,2026-02-18,2026-03-27 00:00:00,2026-03-25 00:00:00,2026-03-25 00:00:00,SÍRIUS,,2026-03-27,MAXIMO,ULT-2026-2-32,NBZY26020632,EITU9662038,10368.0,KOTA PAHLAWAN V.043W,DI COM EXIGENCIA FISCAL,MARCIO,,,2026-04-09 00:00:00,,,25 DIAS,"MAIDE IMPORT AND EXPORT TRADING CO.,LIMITED ",IMV3SSZ0024-0226
OM0226-15,NINGBO,SANTOS,V3,ONZE 04,WT,2026-01-26,2026-03-27 00:00:00,2026-03-25 00:00:00,2026-03-25 00:00:00,SÍRIUS,,2026-03-27,MAXIMO,ULT2026-1-28,NBZY26011219,CSNU5600190,9114.0,XIN WEI HAI V.169W,DI COM EXIGENCIA FISCAL,MARCIO,10618.8,26/0493366-6,2026-03-31 00:00:00,,,28 DIAS,"MAIDE IMPORT AND EXPORT TRADING CO.,LIMITED ",IMV3SSZ0098-0126
OM0226-12,SHEKOU,SANTOS,V3,ANNE 02,FS,2026-02-17,2026-03-26 00:00:00,,2026-03-27 00:00:00,,,,MAXIMO,H-Santos-NO.06.xlsx,ZSJY26020075,CSNU8571984,16400.0,COSCO SHIPPING CHILE V.006W,DI COM EXIGENCIA FISCAL,MARCIO,22744.43,26/0493090-0,2026-03-31 00:00:00,,,28 DIAS,"MAIDE IMPORT AND EXPORT TRADING CO.,LIMITED",IMV3SSZ0041-0226
OM0226-18,NINGBO,SANTOS,V3,LCL 14,AR,2026-02-18,2026-03-27 00:00:00,,,,,,MAXIMO,HL260239,NBZY26020209,EGSU1163101,18670.0,KOTA PAHLAWAN V.043W,DI DESEMBARAÇADA,MARCIO,23129.9,26/0490088-1,2026-03-30 00:00:00,2026-03-31 00:00:00,,25 DIAS,YIWU SHENGYAN IMP&EXP CO LTD,IMV3SSZ0130-0126
OM0226-08,SHEKOU,SANTOS,MAERSK,WHD 01,FS,2026-02-20,2026-03-21 00:00:00,,,,,,MAXIMO FILIAL,装箱清单								,APU189000, MRSU598686-0,12150.0,CMA CGM FRANCOISE SAGAN /607W,DI DESEMBARAÇADA, MARCIO,17103.07,26/0466183-6,2026-03-25 00:00:00,2026-03-25 00:00:00,,21 DIAS,"HANGZHOU JIEQIONG TECHNOLOGY CO.,LTD",2603-358620690
1211,NINGBO,SANTOS,NCL,PIN 86 SEVEN-2525-1210,AR,2026-01-25,2026-02-22 00:00:00,-,,,,,INFINIT,HL260072,QDNCL2601004,HASU4331533,14470.0,MAERSK SAN LAZARO/603W,DI COM EXIGENCIA FISCAL,MARCIO,9304.9,26/0449864-1,2026-03-23 00:00:00,,,25 DIAS,"YIWU SHENGYAN IMP&EXP CO.,LTD",25/0023MI
OM0226-01,NINGBO,SANTOS,NCL,PIN 87 SEVEN2526-0107,AR,2026-01-31,2026-03-01 00:00:00,-,,SÍRIUS,,,INFINIT ,HL260164,QDNCL2601035,MRSU9400241,14980.0, ,DI COM EXIGENCIA FISCAL,MARCIO,9624.27, 26/0424406-2 ,2026-03-17 00:00:00,,,25 DIAS,"YIWU SHENGYAN IMP&EXP CO.,LTD",26/0074MI
OM0226-03,NINGBO,SANTOS,NCL,SKY LU 05,WT,2026-02-02,2026-03-07 00:00:00,2026-03-05 00:00:00,2026-03-06 00:00:00,SÍRIUS,,2026-03-09,R2,HL260136,QDNCL2601036,KOCU5122754,15340.0,NAVIOS VERDE/0091W,SERAD,MARCIO,20963.07, 26/0384473-2,2026-03-10 00:00:00,2026-03-10 00:00:00,,25 DIAS,"YIWU SHENGYAN IMP&EXP CO.,LTD",26/0071MI
1207,NINGBO,SANTOS,NCL,HHY 03,FS,2026-01-17,2026-02-17 00:00:00,2026-02-13 00:00:00,2026-02-25 00:00:00,,PAGO,2026-02-25,INFINIT TRADING,YWHL252186,QDNCL2505359 ,SUDU696782,26180.0,SAN LORENZO MAERSK 602W,DEA,MARCIO,,,2026-04-09 00:00:00,,,25 DIAS,"YIWU SHENGYAN IMP&EXP CO.,LTD",25/0769MI
OM0226-02,NINGBO,SANTOS,NCL,LIDONG 01,FS,2026-02-02,2026-03-08 00:00:00,2026-03-05 00:00:00,,,,2026-03-09,R2,HL260138,QDNCL2601033,BMOU4646860,10060.0,NAVIOS VERDE/0091W,SERAD,MARCIO,13423.83,26/0378334-2,2026-03-09 00:00:00,2026-03-09 00:00:00,,21 DIAS,"SHENZHEN HEDI COSMETIC TOOLS CO.,LTD",26/0072MI
1202,NANSHA,SANTOS,YAHO,JAY 09,WT,2025-01-11,2025-02-14 00:00:00,-,2026-02-19 00:00:00,SÍRIUS,,2026-02-19,INFINIT TRADING,PACKLIST,YH25120273,MRSU9315330,12590.0,CMA CGM BALI 552W,AGUARDANDO 2° ANALISE,MARCIO,20444.03,26/0312530-2,2026-02-24 00:00:00,,,25 DIAS,"YIWU SHENGYAN IMP&EXP CO.,LTD",YAHO-IM4937-26
1190,NINGBO,SANTOS,NCL,LELA 06,FS,2025-12-16,2026-01-18 00:00:00,2026-01-14 00:00:00,2026-01-14 00:00:00,,,,R2,YWHL252087,QDNCL2505324,UETU6951360,15930.0,MAERSK SAN VINCENT/550W,EXIGENCIA FISCAL,MARCIO,23148.84,26/0174474-9,2026-01-28 00:00:00,,,25 DIAS,"YIWU SHENGYAN IMP&EXP CO.,LTD",25/0702MI
1185,NINGBO,SANTOS,NCL,LELA 05,FS,2025-12-13,2026-01-11 00:00:00,2026-01-12 00:00:00,2026-01-12 00:00:00,,,2026-01-12,MAXIMO IMP,YWHL252047,QDNCL2505288,MRSU9069093,15670.0,SAN NICOLAS MAERSK/549W,DI COM EXIGENCIA FISCAL,MARCIO,30626.47,26/0156570-4,2026-01-26 00:00:00,,,25 DIAS,"YIWU SHENGYAN IMP&EXP CO.,LTD",25/0648MI
1172,NINGBO,SANTOS,V3,MATEUS 02,AR,2025-11-30,2025-12-28 00:00:00,2025-12-23 00:00:00,,,,2025-12-29,INFINIT,EMCU8299127,NBZY25110731,EMCU8299127,15047.0,EVER FUTURE V.030W,DI COM EXIGENCIA FISCAL,MARCIO,22337.92,26/0026415-8,2026-01-06 00:00:00,,-,25 DIAS,"ZHEJIANG XUCHEN IMPORT AND EXPORT CO.,LIMITED",IMV30099-1125
1154,NINGBO,SANTOS,V3,FANG 12 (OLD-LELA 07) ,,2025-11-08,2025-12-07 00:00:00,2025-12-03 00:00:00,2025-12-11 00:00:00,,,2025-12-11,TRZ,YWHL251875,NBZY25110046,EITU9259362,16260.0,EVER FINE 023W,DI EXIGENCIA FISCAL,MARCIO,22319.47,25/2773460-9,2025-12-15 00:00:00,-,-,25DIAS,"YIWU SHENGYAN IMP&EXP CO.,LTD",IMV30229-1025
1052,NINGBO,STS,UNILINE,FANG 06 PARTE2,,2025-04-22,2025-06-01 00:00:00,,,,,,PETRUS LTDA,YMJAB232096297,B232096297,FFAU-706369-9,13660.0,CMA CGM BAHIA OBDL2W,AGUARDANDO ,MARCIO,-,25/1808306-4,2025-08-15 00:00:00,2025-08-15 00:00:00,-,21 DIAS,"WENZHOU XINMA TRADING CO.,LTD",---------------
1056,YANTIAN,SANTOS,V3,QIU YINAN 01,,2025-06-01,2025-07-23 00:00:00,,,,,,PETRUS LTDA,YWHL250662,NBZY25050910,EITU107395-7,22510.0,COSCO SHIPPING BRAZIL 007W,DI DESEMBARAÇADA,MARCIO ,-,25/1607943-4,2025-07-24 00:00:00,2026-02-03 00:00:00,-,25 DIAS,"WENZHOU XINMA TRADING CO.,LTD", IMV30124-0525
1006,NINGBO,SANTOS,V3,HHY 01 (93CAIXAS),,2024-08-30,2024-10-04 00:00:00,,,,,,POTENZA TRADING,YWHL24776,NBZY24080880,EGHU-982064-1,25800.0,EVER LEADER 70W,ENTREGUE FALTAM 93 CAIXAS,MARCIO,-,24/2319287-7,2024-10-22 00:00:00,2025-09-22 00:00:00,2025-10-01 00:00:00,,"YIWU SHENGYAN IMP&EXP C0.,LTD",IMV30210-0824
