processo_ref,processo_id
IMV3SSZ0058-0426,1
IMV3SSZ0057-0426,2
IMV3SSZ0033-0426,3
IMV3SSZ0031-0426,4
IMV3SSZ0081-0326,5
IMV3SSZ0205-0326,6
IMV3SSZ0204-0326,7
IMV3SSZ0188-0326,8
IMV3SSZ0170-0326,9
IMV3SSZ0163-0326,10
IMV3SSZ0148-0326,11
IMV3SSZ0147-0326,12
IMV3SSZ0134-0326,13
IMV3SSZ0122-0326,14
IM01213/26,15
 IMV3SSZ0040-0326 ,16
IMV3SSZ0092-0326,17
IMV3SSZ0051-0326,18
IMV3SSZ0060-0326,19
YAHO-IM5374-26,20
IMV3SSZ0057-0326,21
IMV3SSZ0020-0326,22
YAHO-IM5326-26,23
IMV3SSZ0030-0326,24
IMV3SSZ0019-0326,25
26/0105MI,26
26/0125MI,27
26/0086MI,28
26/0073MI,29
26/0123MI,30
26/0124MI,31
26/0106MI,32
YAHO-IM5373-26,33
IMV3SSZ0157-0126,34
IMV3SSZ0111-0126,35
IMV3SSZ0029-0226,36
IMV3SSZ0040-0226,37
IMV3SSZ0014-0226,38
26/0103MI,39
IMV3SSZ0058-0126 ,40
25/0760MI,41
25/0738MI,42
25/0703MI,43
IMV30254-1125,44
25/0630MI,45
25/0615MI,46
26/0102MI,47
IMV3SSZ0123-0126,48
IMV3SSZ0024-0226,49
IMV3SSZ0098-0126,50
IMV3SSZ0041-0226,51
IMV3SSZ0130-0126,52
2603-358620690,53
25/0023MI,54
26/0074MI,55
26/0071MI,56
25/0769MI,57
26/0072MI,58
YAHO-IM4937-26,59
25/0702MI,60
25/0648MI,61
IMV30099-1125,62
IMV30229-1025,63
---------------,64
 IMV30124-0525,65
IMV30210-0824,66
